,Week 0,Week 1,Week 2,Week 3,Week 4,Week 5,Week 6,Week 7,Week 8,Week 9,Week 10,Week 11,Week 12,Week 13,Week 14,Week 15,Week 16,Week 17
1,San Antonio,San Antonio,Golden State,Golden State,Golden State,Golden State,Golden State,Golden State,Atlanta,Golden State,Golden State,Golden State,Golden State,Golden State,Atlanta,Atlanta,Atlanta,Atlanta
2,Cleveland,Golden State,Memphis,Memphis,Memphis,Portland,Atlanta,Atlanta,Golden State,Memphis,Atlanta,Cleveland,San Antonio,Cleveland,Boston,Boston,Boston,Washington
3,LA Clippers,Cleveland,Houston,San Antonio,Houston,Toronto,Portland,Memphis,Memphis,Atlanta,Houston,Atlanta,Cleveland,San Antonio,Brooklyn,Brooklyn,Brooklyn,Oklahoma City
4,Chicago,Chicago,Toronto,Portland,San Antonio,Atlanta,Houston,LA Clippers,Houston,Cleveland,Memphis,Memphis,Houston,Houston,Charlotte,Charlotte,Charlotte,San Antonio
5,Oklahoma City,Houston,Chicago,Houston,Portland,Houston,Chicago,Houston,Cleveland,Houston,Cleveland,San Antonio,LA Clippers,LA Clippers,Chicago,Chicago,Chicago,Cleveland
6,Golden State,LA Clippers,Dallas,Dallas,Washington,Memphis,Dallas,Dallas,Toronto,Toronto,Portland,Houston,Atlanta,Atlanta,Cleveland,Cleveland,Cleveland,LA Clippers
7,Portland,Dallas,Portland,Toronto,Toronto,Chicago,Memphis,Portland,Dallas,Dallas,San Antonio,LA Clippers,Memphis,Memphis,Dallas,Dallas,Dallas,Portland
8,Dallas,Memphis,Cleveland,LA Clippers,LA Clippers,Dallas,LA Clippers,San Antonio,Portland,LA Clippers,LA Clippers,Portland,Portland,Chicago,Denver,Denver,Denver,Toronto
9,Houston,Miami,Washington,Chicago,Atlanta,Washington,Washington,Washington,San Antonio,Portland,Oklahoma City,Oklahoma City,Chicago,Portland,Detroit,Detroit,Detroit,Houston
10,Memphis,Toronto,San Antonio,Washington,Dallas,LA Clippers,Toronto,Cleveland,Chicago,Oklahoma City,Chicago,Dallas,Dallas,Dallas,Golden State,Golden State,Golden State,New Orleans
11,Toronto,Portland,LA Clippers,Cleveland,Chicago,San Antonio,San Antonio,Toronto,LA Clippers,Chicago,Dallas,Chicago,New Orleans,Washington,Houston,Houston,Houston,Brooklyn
12,Washington,Phoenix,New Orleans,Atlanta,Cleveland,Cleveland,Phoenix,Chicago,Washington,San Antonio,New Orleans,Washington,Washington,Toronto,Indiana,Indiana,Indiana,Dallas
13,Phoenix,Washington,Sacramento,Phoenix,Oklahoma City,Phoenix,Oklahoma City,Phoenix,New Orleans,Milwaukee,Toronto,Toronto,Oklahoma City,New Orleans,LA Clippers,LA Clippers,LA Clippers,LA Lakers
14,Charlotte,New Orleans,Miami,Sacramento,New Orleans,Oklahoma City,Milwaukee,Oklahoma City,Oklahoma City,Washington,Indiana,Phoenix,Toronto,Oklahoma City,LA Lakers,LA Lakers,LA Lakers,Chicago
15,Miami,New York,Phoenix,Miami,Phoenix,New Orleans,New Orleans,New Orleans,Phoenix,New Orleans,Phoenix,Utah,Brooklyn,Boston,Memphis,Memphis,Memphis,Memphis
16,Atlanta,Atlanta,Atlanta,Denver,Milwaukee,Milwaukee,Detroit,Milwaukee,Milwaukee,Phoenix,Milwaukee,New Orleans,Utah,Milwaukee,Miami,Miami,Miami,Boston
17,Denver,Charlotte,Brooklyn,Milwaukee,Miami,Miami,Cleveland,Miami,Charlotte,Miami,Charlotte,Miami,Phoenix,Utah,Milwaukee,Milwaukee,Milwaukee,Orlando
18,New Orleans,Sacramento,Charlotte,New Orleans,Sacramento,Sacramento,Denver,Charlotte,Miami,Detroit,Washington,Boston,Boston,Brooklyn,Minnesota,Minnesota,Minnesota,Denver
19,Brooklyn,Denver,Milwaukee,Oklahoma City,Brooklyn,Brooklyn,Miami,Detroit,Detroit,Indiana,Utah,Indiana,Milwaukee,Indiana,New Orleans,New Orleans,New Orleans,Miami
20,New York,Oklahoma City,Boston,Indiana,Denver,Denver,Charlotte,Denver,Indiana,Brooklyn,Miami,Milwaukee,Indiana,Phoenix,New York,New York,New York,Detroit
21,Detroit,Brooklyn,Utah,Brooklyn,Orlando,Orlando,Brooklyn,Brooklyn,Brooklyn,Charlotte,Boston,Charlotte,Miami,Miami,Oklahoma City,Oklahoma City,Oklahoma City,Philadelphia
22,Indiana,Boston,Indiana,Orlando,Boston,Utah,Sacramento,Utah,Boston,Utah,Brooklyn,Brooklyn,Charlotte,Detroit,Orlando,Orlando,Orlando,Phoenix
23,Sacramento,Minnesota,Oklahoma City,Utah,LA Lakers,Indiana,Indiana,Sacramento,Utah,Boston,Detroit,Denver,Detroit,Charlotte,Philadelphia,Philadelphia,Philadelphia,Sacramento
24,LA Lakers,Utah,Orlando,Boston,Charlotte,Boston,Utah,Boston,Sacramento,Sacramento,Sacramento,Detroit,Sacramento,Sacramento,Phoenix,Phoenix,Phoenix,Milwaukee
25,Minnesota,Indiana,Detroit,Minnesota,Indiana,Charlotte,LA Lakers,Indiana,Denver,Orlando,Orlando,Sacramento,Orlando,Denver,Portland,Portland,Portland,Charlotte
26,Orlando,Milwaukee,New York,New York,Utah,LA Lakers,Boston,Orlando,Philadelphia,Denver,Denver,Orlando,Denver,Orlando,Sacramento,Sacramento,Sacramento,Minnesota
27,Boston,Detroit,Denver,Charlotte,Minnesota,Detroit,Orlando,LA Lakers,Minnesota,Minnesota,Minnesota,Philadelphia,LA Lakers,LA Lakers,San Antonio,San Antonio,San Antonio,New York
28,Utah,Orlando,Minnesota,LA Lakers,Detroit,Minnesota,Philadelphia,Philadelphia,Orlando,Philadelphia,LA Lakers,LA Lakers,Philadelphia,Philadelphia,Toronto,Toronto,Toronto,Utah
29,Milwaukee,LA Lakers,LA Lakers,Detroit,New York,Philadelphia,Minnesota,New York,LA Lakers,LA Lakers,Philadelphia,Minnesota,Minnesota,Minnesota,Utah,Utah,Utah,Golden State
30,Philadelphia,Philadelphia,Philadelphia,Philadelphia,Philadelphia,New York,New York,Minnesota,New York,New York,New York,New York,New York,New York,Washington,Washington,Washington,Indiana
31,,,,,,,,,,,,,,,,,,
32,,,,,,,,,,,,,,,,,,
,,,,,,,,,,,,,,,,,,
,,,,,,,,,,,,,,,,,,
,,,,,,,,,,,,,,,,,,
,,,,,,,,,,,,,,,,,,
,,,,,,,,,,,,,,,,,,
,,,,,,,,,,,,,,,,,,
Atlanta,458,406,380,300,200,123,47,42,25,55,46,81,115,44,0,0,0,6/29/1785
Boston,748,561,515,571,516,585,648,584,501,504,508,435,400,135,0,0,0,10/26/1785
Brooklyn,518,505,434,491,438,461,530,542,479,453,525,491,370,143,0,0,0,9/26/1785
Charlotte,383,425,463,636,562,588,519,442,395,455,401,467,499,182,0,0,0,11/24/1785
Chicago,116,115,156,198,238,162,158,275,247,216,244,277,209,75,0,0,0,9/27/1785
Cleveland,58,97,195,275,246,304,415,242,132,110,110,59,74,24,0,0,0,8/28/1785
Dallas,238,166,161,148,229,203,165,180,162,174,244,225,254,95,0,0,0,9/26/1785
Denver,471,454,662,380,438,485,456,519,573,568,628,531,582,203,0,0,0,11/21/1785
Detroit,595,656,633,683,643,654,397,479,457,393,566,542,516,180,0,0,0,11/22/1785
Golden State,160,67,48,33,23,41,31,33,51,33,26,23,30,10,0,0,0,0
Houston,262,155,76,122,72,132,128,141,120,128,95,137,101,40,0,0,0,8/29/1785
Indiana,626,613,552,478,575,578,557,609,464,411,350,456,435,152,0,0,0,0
LA Clippers,95,164,271,194,184,253,205,137,267,186,179,139,112,42,0,0,0,8/28/1785
LA Lakers,688,720,723,642,527,638,638,677,658,625,662,636,629,219,0,0,0,9/26/1785
Memphis,288,174,58,39,54,145,172,82,63,50,109,91,171,61,0,0,0,9/27/1785
Miami,410,189,354,355,409,434,490,436,439,391,436,372,486,168,0,0,0,11/21/1785
Milwaukee,774,632,468,395,354,407,358,406,329,286,396,458,425,138,0,0,0,11/23/1785
Minnesota,704,589,685,623,627,712,726,733,625,575,653,664,662,232,0,0,0,12/21/1785
New Orleans,472,390,296,411,346,376,360,371,318,347,294,349,276,111,0,0,0,9/25/1785
New York,557,402,641,634,650,739,749,719,662,655,719,681,686,238,0,0,0,12/21/1785
Oklahoma City,157,470,573,466,259,322,347,346,319,213,233,222,291,130,0,0,0,7/29/1785
Orlando,738,681,590,525,476,567,662,643,631,553,601,607,581,203,0,0,0,10/26/1785
Philadelphia,840,750,750,720,687,721,683,713,616,620,671,617,641,224,0,0,0,11/22/1785
Phoenix,380,295,370,314,348,311,291,307,320,363,383,327,395,155,0,0,0,11/22/1785
Portland,233,290,170,101,134,49,74,186,168,193,154,204,173,82,0,0,0,8/28/1785
Sacramento,647,434,304,339,423,459,530,561,544,521,577,557,561,192,0,0,0,11/22/1785
San Antonio,34,46,240,98,131,273,248,191,187,238,174,124,58,35,0,0,0,8/27/1785
Toronto,295,245,108,162,176,117,238,272,150,134,331,292,295,102,0,0,0,8/28/1785
Utah,753,611,527,563,595,573,576,549,527,477,431,345,370,140,0,0,0,12/22/1785
Washington,306,312,215,232,163,206,224,222,275,305,425,277,287,100,0,0,0,6/29/1785
,,,,,,,,,,,,,,,,,,
Mean (w outliers),,,,,,,,,,,,,,,,,,
Atlanta,16.37,16.26,15.22,12.58,8.62,5.00,1.93,1.67,1.12,2.54,1.92,3.60,4.96,4.82,#DIV/0!,#DIV/0!,#DIV/0!,"41,821.00"
Boston,26.67,22.44,20.67,23.77,22.58,23.37,25.81,23.33,20.92,22.92,20.46,18.96,17.44,14.91,#DIV/0!,#DIV/0!,#DIV/0!,"41,702.00"
Brooklyn,18.43,20.15,17.33,20.46,19.00,18.59,21.33,21.78,21.00,20.54,21.81,21.32,16.08,15.91,#DIV/0!,#DIV/0!,#DIV/0!,"41,732.00"
Charlotte,13.73,16.93,18.52,26.38,24.27,23.48,20.59,17.74,17.20,20.67,16.73,20.40,21.56,22.60,#DIV/0!,#DIV/0!,#DIV/0!,"41,673.00"
Chicago,4.30,4.70,6.37,8.19,9.92,6.52,6.52,10.96,11.00,9.75,10.50,12.08,9.12,8.36,#DIV/0!,#DIV/0!,#DIV/0!,"41,731.00"
Cleveland,2.17,4.11,7.93,11.27,10.65,12.15,16.78,9.63,6.16,5.04,4.92,2.64,3.28,2.64,#DIV/0!,#DIV/0!,#DIV/0!,"41,761.00"
Dallas,8.57,6.70,6.37,6.19,9.41,8.04,6.52,7.22,6.88,7.92,9.70,9.88,11.12,10.55,#DIV/0!,#DIV/0!,#DIV/0!,"41,732.00"
Denver,16.80,18.19,26.37,15.85,19.15,19.44,18.22,20.85,24.24,25.67,25.38,22.92,25.28,25.40,#DIV/0!,#DIV/0!,#DIV/0!,"41,676.00"
Detroit,21.27,26.22,25.26,27.31,27.77,26.00,15.48,19.11,19.96,17.75,23.73,23.56,22.40,22.40,#DIV/0!,#DIV/0!,#DIV/0!,"41,675.00"
Golden State,5.80,2.78,2.04,1.50,1.08,1.74,1.26,1.33,2.84,1.58,2.00,1.00,1.32,1.18,#DIV/0!,#DIV/0!,#DIV/0!,#DIV/0!
Houston,9.50,6.19,3.19,5.31,3.31,5.30,5.15,5.70,5.28,5.96,4.04,5.92,4.36,4.36,#DIV/0!,#DIV/0!,#DIV/0!,"41,760.00"
Indiana,22.40,24.44,22.07,19.92,24.88,23.11,22.11,24.30,19.52,18.75,13.92,19.76,18.92,19.20,#DIV/0!,#DIV/0!,#DIV/0!,#DIV/0!
LA Clippers,3.40,6.63,10.81,8.08,8.08,10.04,8.22,5.63,12.12,8.46,7.73,6.00,4.96,4.64,#DIV/0!,#DIV/0!,#DIV/0!,"41,761.00"
LA Lakers,24.53,28.70,28.89,26.65,22.96,25.41,25.48,27.11,27.92,28.38,26.81,27.56,27.36,27.50,#DIV/0!,#DIV/0!,#DIV/0!,"41,732.00"
Memphis,10.30,6.93,2.70,1.65,2.62,5.78,6.96,3.41,3.64,2.29,5.58,3.96,7.44,6.91,#DIV/0!,#DIV/0!,#DIV/0!,"41,731.00"
Miami,14.63,7.56,14.07,14.81,17.77,17.44,19.63,17.44,18.32,17.92,17.54,16.20,21.08,21.10,#DIV/0!,#DIV/0!,#DIV/0!,"41,676.00"
Milwaukee,27.60,25.30,18.78,16.42,15.38,16.30,14.30,16.22,14.44,13.13,16.58,20.00,18.44,15.45,#DIV/0!,#DIV/0!,#DIV/0!,"41,674.00"
Minnesota,25.13,23.56,27.30,25.92,27.31,28.48,29.07,29.19,26.68,25.96,26.81,28.84,28.76,28.90,#DIV/0!,#DIV/0!,#DIV/0!,"41,646.00"
New Orleans,16.83,15.67,11.85,17.04,15.00,15.07,14.41,14.89,14.16,15.79,12.81,15.12,12.08,12.18,#DIV/0!,#DIV/0!,#DIV/0!,"41,733.00"
New York,19.90,16.00,25.33,26.35,28.27,29.52,29.93,28.74,28.12,29.71,29.15,29.52,29.72,29.60,#DIV/0!,#DIV/0!,#DIV/0!,"41,646.00"
Oklahoma City,5.90,18.67,22.89,19.31,11.31,12.78,13.85,13.67,14.36,9.54,10.42,9.60,12.64,16.20,#DIV/0!,#DIV/0!,#DIV/0!,"41,791.00"
Orlando,26.33,27.15,23.70,22.08,20.85,22.74,26.41,25.67,26.84,25.17,24.38,26.40,25.36,25.40,#DIV/0!,#DIV/0!,#DIV/0!,"41,702.00"
Philadelphia,29.93,29.96,30.00,30.00,29.77,28.85,27.19,28.44,27.04,27.96,27.73,26.80,27.88,27.90,#DIV/0!,#DIV/0!,#DIV/0!,"41,675.00"
Phoenix,13.50,11.74,14.78,13.15,15.04,12.41,11.59,12.22,14.24,16.75,16.65,14.32,17.24,19.20,#DIV/0!,#DIV/0!,#DIV/0!,"41,675.00"
Portland,8.37,11.74,6.78,4.31,5.77,2.04,2.96,7.52,7.52,8.79,6.69,9.12,7.44,9.18,#DIV/0!,#DIV/0!,#DIV/0!,"41,761.00"
Sacramento,23.17,17.04,11.93,14.08,18.42,18.41,21.19,22.44,23.20,23.67,23.31,24.20,24.32,24.00,#DIV/0!,#DIV/0!,#DIV/0!,"41,675.00"
San Antonio,1.27,2.08,9.56,4.12,5.96,10.78,9.93,7.67,8.68,10.71,8.04,5.44,2.64,4.00,#DIV/0!,#DIV/0!,#DIV/0!,"41,762.00"
Toronto,10.53,9.85,4.41,6.77,7.58,4.81,9.56,10.85,6.72,6.08,13.31,12.68,12.92,11.36,#DIV/0!,#DIV/0!,#DIV/0!,"41,761.00"
Utah,26.83,24.44,21.19,23.54,25.62,22.89,22.96,21.89,21.96,21.75,17.88,14.96,16.20,17.50,#DIV/0!,#DIV/0!,#DIV/0!,"41,645.00"
Washington,10.87,12.44,8.74,9.69,7.23,8.30,9.00,8.89,12.60,13.79,17.62,12.12,12.60,11.45,#DIV/0!,#DIV/0!,#DIV/0!,"41,821.00"
,,,,,,,,,,,,,,,,,,
Mean w/ Outliers Removed,28,28,,,,,,,,,,,,,,,,
Atlanta,16.36,14.50,13.57,10.71,7.32,4.39,1.68,1.50,0.89,1.96,1.64,2.89,4.11,1.57,0.00,0.00,0.00,"-1,493.61"
Boston,26.71,20.04,18.39,20.39,19.25,20.89,23.14,20.86,17.75,18.00,18.11,15.54,14.29,4.82,0.00,0.00,0.00,"-1,489.36"
Brooklyn,18.50,18.04,15.50,17.54,16.29,16.46,18.93,19.36,17.25,16.18,18.64,17.54,13.21,5.11,0.00,0.00,0.00,"-1,490.43"
Charlotte,13.68,15.18,16.54,22.71,20.89,21.00,18.54,15.79,14.14,16.25,14.32,16.68,17.82,6.50,0.00,0.00,0.00,"-1,488.32"
Chicago,4.14,4.11,5.57,7.07,8.68,5.79,5.64,9.82,8.93,7.71,8.71,9.89,7.46,2.68,0.00,0.00,0.00,"-1,490.39"
Cleveland,2.07,3.46,6.96,9.82,9.21,10.86,14.82,8.64,4.96,3.93,4.04,2.11,2.64,0.86,0.00,0.00,0.00,"-1,491.46"
Dallas,8.50,5.93,5.75,5.29,8.39,7.25,5.89,6.43,5.68,6.21,8.57,8.04,9.07,3.39,0.00,0.00,0.00,"-1,490.43"
Denver,16.82,16.21,23.64,13.57,16.43,17.32,16.29,18.54,20.29,20.29,22.21,18.96,20.79,7.25,0.00,0.00,0.00,"-1,488.43"
Detroit,21.25,23.43,22.61,24.25,23.86,23.36,14.18,17.11,16.43,14.04,20.29,19.36,18.43,6.43,0.00,0.00,0.00,"-1,488.39"
Golden State,5.71,2.39,1.71,1.18,0.86,1.46,1.11,1.18,1.82,1.18,0.96,0.82,1.07,0.36,0.00,0.00,0.00,0.00
Houston,9.36,5.54,2.71,4.50,2.75,4.71,4.57,5.04,4.21,4.57,3.39,4.89,3.61,1.43,0.00,0.00,0.00,"-1,491.43"
Indiana,22.36,21.89,19.71,17.07,21.36,20.64,19.89,21.75,16.32,14.68,12.21,16.29,15.54,5.43,0.00,0.00,0.00,0.00
LA Clippers,3.39,5.86,9.68,6.93,6.89,9.04,7.32,4.89,9.79,6.64,6.50,4.96,4.00,1.50,0.00,0.00,0.00,"-1,491.46"
LA Lakers,24.57,25.71,25.82,22.93,19.75,22.79,22.79,24.18,23.50,22.32,23.57,22.71,22.46,7.82,0.00,0.00,0.00,"-1,490.43"
Memphis,10.29,6.21,2.07,1.39,2.07,5.18,6.14,2.93,2.29,1.79,4.11,3.25,6.11,2.18,0.00,0.00,0.00,"-1,490.39"
Miami,14.64,6.75,12.64,12.68,15.21,15.50,17.50,15.57,15.46,13.96,15.43,13.29,17.36,6.00,0.00,0.00,0.00,"-1,488.43"
Milwaukee,27.64,22.57,16.71,14.11,13.18,14.54,12.79,14.50,11.79,10.21,14.21,16.36,15.18,4.93,0.00,0.00,0.00,"-1,488.36"
Minnesota,25.14,21.04,24.46,22.25,23.43,25.43,25.93,26.18,22.18,20.54,23.29,23.71,23.64,8.29,0.00,0.00,0.00,"-1,487.36"
New Orleans,16.86,13.93,10.57,14.68,12.86,13.43,12.86,13.25,11.43,12.39,10.68,12.46,9.86,3.96,0.00,0.00,0.00,"-1,490.46"
New York,19.89,14.36,22.89,22.64,24.29,26.39,26.75,25.68,23.54,23.39,25.64,24.32,24.50,8.50,0.00,0.00,0.00,"-1,487.36"
Oklahoma City,5.61,16.79,20.46,16.64,9.82,11.50,12.39,12.36,11.50,7.61,8.39,7.93,10.39,4.64,0.00,0.00,0.00,"-1,492.54"
Orlando,26.36,24.32,21.07,18.75,17.86,20.25,23.64,22.96,22.36,19.75,21.25,21.68,20.75,7.25,0.00,0.00,0.00,"-1,489.36"
Philadelphia,30.00,26.79,26.79,25.71,25.57,25.75,24.39,25.46,22.18,22.14,23.93,22.04,22.89,8.00,0.00,0.00,0.00,"-1,488.39"
Phoenix,13.57,10.54,13.21,11.21,12.89,11.11,10.39,10.96,11.54,12.96,14.00,11.68,14.11,5.54,0.00,0.00,0.00,"-1,488.39"
Portland,8.32,10.36,6.07,3.61,4.93,1.75,2.64,6.64,6.11,6.89,5.64,7.29,6.18,2.93,0.00,0.00,0.00,"-1,491.46"
Sacramento,23.11,15.50,10.86,12.11,15.79,16.39,18.93,20.04,19.43,18.61,20.43,19.89,20.04,6.86,0.00,0.00,0.00,"-1,488.39"
San Antonio,1.21,1.64,8.57,3.50,5.07,9.75,8.86,6.82,6.86,8.50,6.54,4.43,2.07,1.25,0.00,0.00,0.00,"-1,491.50"
Toronto,10.54,8.75,3.86,5.79,6.43,4.18,8.50,9.71,5.43,4.79,11.54,10.43,10.54,3.64,0.00,0.00,0.00,"-1,491.46"
Utah,26.89,21.82,18.82,20.11,22.00,20.46,20.57,19.61,18.50,17.04,15.29,12.32,13.21,5.00,0.00,0.00,0.00,"-1,487.32"
Washington,10.93,11.14,7.68,8.29,6.18,7.36,8.00,7.93,9.93,10.89,15.11,9.89,10.25,3.57,0.00,0.00,0.00,"-1,493.61"
,,,,,,,,,,,,,,,,,,
Median,,,,,,,,,,,,,,,,,,
Atlanta,16,16,15,12,9,5,2,2,1,2.5,2,3,5,5,0,0,0,41821
Boston,27,22,21,24,22,24,26,23,22,23,21,19,18,15,0,0,0,41702
Brooklyn,19,20,17,21,19,18,21,22,21,21,22,22,16,16,0,0,0,41732
Charlotte,14,17,19,26,24,23,21,18,17,21,17,20,22,23,0,0,0,41673
Chicago,4,4,6,9,11,7,5,11,11,10,10,12,9,8,0,0,0,41731
Cleveland,2,3,8,11,11,12,17,10,5,4,4,2,3,3,0,0,0,41761
Dallas,8,6,7,6,10,8.5,7,7,7,7,10,9.5,11,11,0,0,0,41732
Denver,17,18,27,16,19,19,18,20,25,26,26,23,25,25.5,0,0,0,41676
Detroit,21,27,25,29,28,26,17,19,20,18,23.5,24,23,22.5,0,0,0,41675
Golden State,6,3,2,1,1,1,1,1,2,1,1,1,1,1,0,0,0,0
Houston,9,6,2,5,3,5,4,5,5,5,4,6,4,5,0,0,0,41760
Indiana,22,24,22,20,25,23,23,25,20,19,14,20,19,19,0,0,0,0
LA Clippers,4,7,11,8,8,10,8,6,12,9,8,6,5,5,0,0,0,41761
LA Lakers,24,29,29,27,23,25,26,27,29,28.5,28,28,27,27,0,0,0,41732
Memphis,11,7,2,2,2,5,7,3,3,2,4.5,4,7,7,0,0,0,41731
Miami,15,8,15,15,17.5,17,19,17,18,17,18,16,21,21,0,0,0,41676
Milwaukee,29,25,19,16,15.5,16,14,16,15,13,16,19,19,15,0,0,0,41674
Minnesota,25,24,28,25,27,28,29,29,27,27,27,29,29,29,0,0,0,41646
New Orleans,17,16,12,18,15,15,15,15,15,15.5,13,15,12,13,0,0,0,41733
New York,20,16,26,26.5,28,30,30,28,29,30,30,30,30,30,0,0,0,41646
Oklahoma City,6,19,23,19.5,12,14,14,15,15,11,10,10,13,17,0,0,0,41791
Orlando,25.5,27,23,22,21,21,26,26,26,25,25,26,25,25,0,0,0,41702
Philadelphia,30,30,30,30,30,29,28,28,27,28,28,27,28,28,0,0,0,41675
Phoenix,14,12,15,13,15,13,12,13,14,16,16,14,17,20,0,0,0,41675
Portland,8,11,7,4.5,5,2,3,7,7,9,6,9,8,10,0,0,0,41761
Sacramento,23,17,13,14.5,18,19,21,23,24,23,24,24,24,24,0,0,0,41675
San Antonio,1,1.5,9,4,6,12,10,8,8,11,7,6,2,4,0,0,0,41762
Toronto,11.5,10,4,7,8,5,10,12,7,6.5,14,13,12,12,0,0,0,41761
Utah,27,25,21,23,26,23,23,22,23,22,18,16,15,18,0,0,0,41645
Washington,11,12,8,10,7,7,9,9,11,14,18,12,12,11,0,0,0,41821
,,,,,,,,,,,,,,,,,,
Standard Deviation,,,,,,,,,,,,,,,,,,
Atlanta,2.387,2.238,1.499,1.801,2.802,2.404,0.720,0.471,0.325,1.040,0.385,1.296,1.113,1.466,#DIV/0!,#DIV/0!,#DIV/0!,#DIV/0!
Boston,1.220,2.131,2.611,1.085,1.044,2.075,1.696,1.785,4.363,1.525,3.825,2.126,1.835,0.996,#DIV/0!,#DIV/0!,#DIV/0!,#DIV/0!
Brooklyn,1.944,2.256,1.656,1.117,1.109,1.447,2.073,2.529,1.720,2.345,1.038,1.489,2.667,1.505,#DIV/0!,#DIV/0!,#DIV/0!,#DIV/0!
Charlotte,2.279,1.884,0.918,1.643,1.346,1.893,2.667,1.755,0.748,1.772,2.535,2.546,1.444,1.114,#DIV/0!,#DIV/0!,#DIV/0!,#DIV/0!
Chicago,1.792,2.290,2.280,1.755,2.401,2.658,2.419,1.990,1.897,1.479,2.620,1.831,1.070,1.226,#DIV/0!,#DIV/0!,#DIV/0!,#DIV/0!
Cleveland,0.934,2.986,3.055,2.675,2.079,1.826,3.755,2.725,2.503,2.031,2.254,1.541,1.578,1.730,#DIV/0!,#DIV/0!,#DIV/0!,#DIV/0!
Dallas,2.171,2.225,1.385,1.879,2.409,1.761,1.887,1.972,1.130,2.365,2.178,2.041,2.427,2.539,#DIV/0!,#DIV/0!,#DIV/0!,#DIV/0!
Denver,2.272,2.245,4.879,2.545,1.703,2.194,2.384,2.529,5.254,3.872,3.903,3.016,2.735,0.917,#DIV/0!,#DIV/0!,#DIV/0!,#DIV/0!
Detroit,1.843,1.892,1.309,5.600,1.576,1.438,3.993,1.867,2.092,2.574,1.508,1.675,1.318,0.663,#DIV/0!,#DIV/0!,#DIV/0!,#DIV/0!
Golden State,1.470,1.663,4.298,5.168,0.385,3.609,0.656,3.746,5.020,2.613,4.412,4.115,3.493,0.386,#DIV/0!,#DIV/0!,#DIV/0!,#DIV/0!
Houston,2.941,2.195,2.168,1.783,1.066,2.187,1.779,1.871,1.341,1.947,1.629,1.720,1.488,0.771,#DIV/0!,#DIV/0!,#DIV/0!,#DIV/0!
Indiana,2.485,2.114,3.489,2.605,1.250,3.581,3.735,2.990,3.742,3.304,3.210,3.329,3.258,1.166,#DIV/0!,#DIV/0!,#DIV/0!,#DIV/0!
LA Clippers,0.987,2.627,2.166,2.777,2.895,2.261,3.276,3.839,3.680,2.303,2.086,3.200,3.438,1.611,#DIV/0!,#DIV/0!,#DIV/0!,#DIV/0!
LA Lakers,2.061,0.895,3.016,3.965,1.765,3.083,3.858,4.677,4.507,4.564,3.913,4.441,4.833,0.806,#DIV/0!,#DIV/0!,#DIV/0!,#DIV/0!
Memphis,2.326,2.372,5.544,3.944,1.273,4.048,3.645,4.549,6.882,5.407,4.559,4.685,4.076,0.996,#DIV/0!,#DIV/0!,#DIV/0!,#DIV/0!
Miami,2.664,2.713,2.708,3.172,1.501,2.283,2.887,2.848,4.981,3.655,3.273,2.953,2.639,0.300,#DIV/0!,#DIV/0!,#DIV/0!,#DIV/0!
Milwaukee,1.800,1.629,1.721,1.933,1.273,1.785,2.149,1.511,2.871,2.432,1.984,2.746,1.652,2.105,#DIV/0!,#DIV/0!,#DIV/0!,#DIV/0!
Minnesota,2.187,1.663,2.283,2.389,1.066,3.059,2.485,2.749,4.915,3.062,2.572,1.921,1.855,0.943,#DIV/0!,#DIV/0!,#DIV/0!,#DIV/0!
New Orleans,2.237,2.277,3.521,2.390,1.209,2.859,2.918,3.023,3.382,1.374,2.896,3.534,3.833,1.527,#DIV/0!,#DIV/0!,#DIV/0!,#DIV/0!
New York,1.193,2.906,3.777,2.659,1.162,2.639,3.395,2.932,5.235,2.415,3.840,2.391,3.940,0.663,#DIV/0!,#DIV/0!,#DIV/0!,#DIV/0!
Oklahoma City,2.937,3.186,1.764,3.225,3.086,4.204,3.682,4.190,4.466,5.074,4.343,4.383,3.547,1.327,#DIV/0!,#DIV/0!,#DIV/0!,#DIV/0!
Orlando,2.055,1.433,1.767,1.838,1.610,2.128,2.109,2.518,3.617,4.368,3.039,4.060,2.673,0.490,#DIV/0!,#DIV/0!,#DIV/0!,#DIV/0!
Philadelphia,0.359,0.189,0.944,1.154,0.504,0.818,1.365,1.191,1.541,2.267,1.766,1.383,0.926,0.831,#DIV/0!,#DIV/0!,#DIV/0!,#DIV/0!
Phoenix,2.141,1.897,3.139,3.594,1.675,3.255,2.659,3.326,3.010,3.068,3.573,3.307,3.280,1.077,#DIV/0!,#DIV/0!,#DIV/0!,#DIV/0!
Portland,1.923,2.675,2.681,2.746,2.063,2.130,2.143,3.130,2.494,2.858,2.232,2.828,2.268,1.696,#DIV/0!,#DIV/0!,#DIV/0!,#DIV/0!
Sacramento,1.440,4.050,2.854,2.750,2.003,3.636,3.993,2.827,4.272,2.990,3.831,3.133,3.543,1.000,#DIV/0!,#DIV/0!,#DIV/0!,#DIV/0!
San Antonio,0.629,1.685,3.189,1.222,2.638,2.892,1.533,1.960,2.969,1.572,3.368,1.683,1.748,2.296,#DIV/0!,#DIV/0!,#DIV/0!,#DIV/0!
Toronto,2.705,2.676,2.215,2.148,2.499,2.657,3.315,3.712,4.051,4.007,2.958,2.973,2.939,0.881,#DIV/0!,#DIV/0!,#DIV/0!,#DIV/0!
Utah,1.655,1.892,2.681,4.172,1.841,3.638,3.686,3.468,4.544,3.314,2.913,3.045,3.758,1.628,#DIV/0!,#DIV/0!,#DIV/0!,#DIV/0!
Washington,2.349,1.474,2.893,1.573,2.764,2.877,2.639,1.944,4.121,1.801,2.603,2.624,2.292,2.311,#DIV/0!,#DIV/0!,#DIV/0!,#DIV/0!
,,,,,,,,,,,,,,,,,,
Total,,,,,,,,,,,,,,,,,,
Atlanta,491,439,411,327,224,135,54,45,28,61,50,90,124,53,0,0,0,"41,821"
Boston,800,606,558,618,587,631,694,630,523,550,532,474,436,164,0,0,0,"41,702"
Brooklyn,553,544,468,532,494,502,576,588,525,493,567,533,402,175,0,0,0,"41,732"
Charlotte,412,457,500,686,631,634,558,479,430,496,435,510,539,226,0,0,0,"41,673"
Chicago,129,127,172,213,258,176,171,296,275,234,273,302,228,92,0,0,0,"41,731"
Cleveland,65,111,214,293,277,328,450,260,154,121,128,66,82,29,0,0,0,"41,761"
Dallas,257,181,172,161,254,217,179,195,172,190,262,247,278,116,0,0,0,"41,732"
Denver,504,491,712,412,498,525,494,563,606,616,660,573,632,254,0,0,0,"41,676"
Detroit,638,708,682,710,722,702,427,516,499,426,617,589,560,224,0,0,0,"41,675"
Golden State,174,75,55,39,28,47,33,36,71,38,52,25,33,13,0,0,0,0
Houston,285,167,86,138,86,143,142,154,132,143,105,148,109,48,0,0,0,"41,760"
Indiana,672,660,596,518,647,624,597,656,488,450,362,494,473,192,0,0,0,0
LA Clippers,102,179,292,210,210,271,227,152,303,203,201,150,124,51,0,0,0,"41,761"
LA Lakers,736,775,780,693,597,686,689,732,698,681,697,689,684,275,0,0,0,"41,732"
Memphis,309,187,73,43,68,156,189,92,91,55,145,99,186,76,0,0,0,"41,731"
Miami,439,204,380,385,462,471,526,471,458,430,456,405,527,211,0,0,0,"41,676"
Milwaukee,828,683,507,427,400,440,386,438,361,315,431,500,461,170,0,0,0,"41,674"
Minnesota,754,636,737,674,710,769,784,788,667,623,697,721,719,289,0,0,0,"41,646"
New Orleans,505,423,320,443,390,407,390,402,354,379,333,378,302,134,0,0,0,"41,733"
New York,597,432,684,685,735,797,808,776,703,713,758,738,743,296,0,0,0,"41,646"
Oklahoma City,177,504,618,502,294,345,375,369,359,229,271,240,316,162,0,0,0,"41,791"
Orlando,790,733,640,574,542,614,707,693,671,604,634,660,634,254,0,0,0,"41,702"
Philadelphia,898,809,810,780,774,779,735,768,676,671,721,670,697,279,0,0,0,"41,675"
Phoenix,405,317,399,342,391,335,313,330,356,402,433,358,431,192,0,0,0,"41,675"
Portland,251,317,183,112,150,55,79,203,188,211,174,228,186,101,0,0,0,"41,761"
Sacramento,695,460,322,366,479,497,570,606,580,568,606,605,608,240,0,0,0,"41,675"
San Antonio,38,54,258,107,155,291,273,207,217,257,209,136,66,44,0,0,0,"41,762"
Toronto,316,266,119,176,197,130,253,293,168,146,346,317,323,125,0,0,0,"41,761"
Utah,805,660,572,612,666,607,621,591,549,522,465,374,405,175,0,0,0,"41,645"
Washington,326,336,236,252,188,224,237,240,315,331,458,303,315,126,0,0,0,"41,821"
,,,,,,,,,,,,,,,,,,
Rank,,,,,,,,,,,,,,,,,,
Atlanta,16,16,16,12,9,4,2,2,1,3,2,3,6,6,30,30,30,
Boston,28,22,20,24,22,24,26,24,22,23,21,18,18,15,30,30,30,
Brooklyn,19,21,17,21,20,19,22,21,21,20,22,22,16,18,30,30,30,
Charlotte,13,17,18,27,24,25,20,18,17,21,17,21,22,23,30,30,30,
Chicago,3,4,5,9,11,7,5,12,10,11,11,12,9,8,30,30,30,
Cleveland,2,3,8,11,12,12,17,10,5,4,5,2,3,2,30,30,30,
Dallas,7,7,6,6,10,8,6,6,7,7,11,10,10,10,30,30,30,
Denver,17,19,27,16,20,20,18,20,25,26,26,23,26,26,30,30,30,
Detroit,21,27,25,29,28,27,16,19,19,18,23,24,23,22,30,30,30,
Golden State,5,2,1,1,1,1,1,1,2,1,1,1,1,1,30,30,30,
Houston,9,5,3,5,3,5,4,5,4,5,3,6,4,4,30,30,30,
Indiana,22,25,22,20,25,23,23,25,20,19,14,19,20,19,30,30,30,
LA Clippers,4,6,11,8,8,10,8,4,11,8,8,7,5,5,30,30,30,
LA Lakers,24,29,29,28,23,26,25,27,29,29,28,28,27,27,30,30,30,
Memphis,11,8,2,2,2,6,7,3,3,2,4,4,7,7,30,30,30,
Miami,14,9,14,15,17,17,19,17,18,17,20,17,21,21,30,30,30,
Milwaukee,29,26,19,17,16,16,14,16,16,13,16,20,19,16,30,30,30,
Minnesota,26,23,28,25,27,28,29,30,27,27,27,29,29,29,30,30,30,
New Orleans,18,14,12,18,14,15,15,15,13,15,12,16,11,13,30,30,30,
New York,20,15,26,26,29,30,30,29,30,30,30,30,30,30,30,30,30,
Oklahoma City,6,20,23,19,13,14,13,14,14,10,9,9,13,14,30,30,30,
Orlando,25,28,24,22,21,21,27,26,28,25,25,26,25,26,30,30,30,
Philadelphia,30,30,30,30,30,29,28,28,26,28,29,27,28,28,30,30,30,
Phoenix,15,12,15,13,15,13,12,13,15,16,15,14,17,20,30,30,30,
Portland,8,11,7,4,5,2,3,7,8,9,6,8,8,9,30,30,30,
Sacramento,23,18,13,14,18,18,22,23,24,24,24,25,24,24,30,30,30,
San Antonio,1,1,10,3,4,11,11,8,9,12,7,5,2,3,30,30,30,
Toronto,12,10,4,7,7,3,10,11,6,6,13,13,14,12,30,30,30,
Utah,27,24,21,23,26,22,24,22,23,22,19,15,16,17,30,30,30,
Washington,10,13,9,10,6,9,9,9,12,14,18,12,12,11,30,30,30,
,,,,,,,,,,,,,,,,,,
Delta,,,,,,,,,,,,,,,,,,
Atlanta,,--,--,+4,+3,+5,+2,--,+1,-2,+1,-1,-3,--,-24,--,--,+30
Boston,,+6,+2,-4,+2,-2,-2,+2,+2,-1,+2,+3,--,+3,-15,--,--,+30
Brooklyn,,-2,+4,-4,+1,+1,-3,+1,--,+1,-2,--,+6,-2,-12,--,--,+30
Charlotte,,-4,-1,-9,+3,-1,+5,+2,+1,-4,+4,-4,-1,-1,-7,--,--,+30
Chicago,,-1,-1,-4,-2,+4,+2,-7,+2,-1,--,-1,+3,+1,-22,--,--,+30
Cleveland,,-1,-5,-3,-1,--,-5,+7,+5,+1,-1,+3,-1,+1,-28,--,--,+30
Dallas,,--,+1,--,-4,+2,+2,--,-1,--,-4,+1,--,--,-20,--,--,+30
Denver,,-2,-8,+11,-4,--,+2,-2,-5,-1,--,+3,-3,--,-4,--,--,+30
Detroit,,-6,+2,-4,+1,+1,+11,-3,--,+1,-5,-1,+1,+1,-8,--,--,+30
Golden State,,+3,+1,--,--,--,--,--,-1,+1,--,--,--,--,-29,--,--,+30
Houston,,+4,+2,-2,+2,-2,+1,-1,+1,-1,+2,-3,+2,--,-26,--,--,+30
Indiana,,-3,+3,+2,-5,+2,--,-2,+5,+1,+5,-5,-1,+1,-11,--,--,+30
LA Clippers,,-2,-5,+3,--,-2,+2,+4,-7,+3,--,+1,+2,--,-25,--,--,+30
LA Lakers,,-5,--,+1,+5,-3,+1,-2,-2,--,+1,--,+1,--,-3,--,--,+30
Memphis,,+3,+6,--,--,-4,-1,+4,--,+1,-2,--,-3,--,-23,--,--,+30
Miami,,+5,-5,-1,-2,--,-2,+2,-1,+1,-3,+3,-4,--,-9,--,--,+30
Milwaukee,,+3,+7,+2,+1,--,+2,-2,--,+3,-3,-4,+1,+3,-14,--,--,+30
Minnesota,,+3,-5,+3,-2,-1,-1,-1,+3,--,--,-2,--,--,-1,--,--,+30
New Orleans,,+4,+2,-6,+4,-1,--,--,+2,-2,+3,-4,+5,-2,-17,--,--,+30
New York,,+5,-11,--,-3,-1,--,+1,-1,--,--,--,--,--,--,--,--,+30
Oklahoma City,,-14,-3,+4,+6,-1,+1,-1,--,+4,+1,--,-4,-1,-16,--,--,+30
Orlando,,-3,+4,+2,+1,--,-6,+1,-2,+3,--,-1,+1,-1,-4,--,--,+30
Philadelphia,,--,--,--,--,+1,+1,--,+2,-2,-1,+2,-1,--,-2,--,--,+30
Phoenix,,+3,-3,+2,-2,+2,+1,-1,-2,-1,+1,+1,-3,-3,-10,--,--,+30
Portland,,-3,+4,+3,-1,+3,-1,-4,-1,-1,+3,-2,--,-1,-21,--,--,+30
Sacramento,,+5,+5,-1,-4,--,-4,-1,-1,--,--,-1,+1,--,-6,--,--,+30
San Antonio,,--,-9,+7,-1,-7,--,+3,-1,-3,+5,+2,+3,-1,-27,--,--,+30
Toronto,,+2,+6,-3,--,+4,-7,-1,+5,--,-7,--,-1,+2,-18,--,--,+30
Utah,,+3,+3,-2,-3,+4,-2,+2,-1,+1,+3,+4,-1,-1,-13,--,--,+30
Washington,,-3,+4,-1,+4,-3,--,--,-3,-2,-4,+6,--,+1,-19,--,--,+30
,,,,,,,,,,,,,,,,,,
Did Not Submit,,,,,,,,,,,,,,,,,,
Atlanta,,,,,,,,,,,,,,,,,,
Boston,,,,,,,,,,,,,,,,,,
Brooklyn,,,x,,,,,,,,,,,,,,,
Charlotte,,,,,,,,,,,,,,,,,,
Chicago,,,,,,,,,,,,,,,,,,
Cleveland,,,,,,,,,,,,,,,,,,
Dallas,,,,,,,,,,,,,,,,,,
Denver,,,,,,,,,,,,,,,,,,
Detroit,,,,,,,,,,,,,,,,,,
Golden State,,,,,,,,,,,,,,,,,,
Houston,,,,,,,,,,,,,,,,,,
Indiana,,,,,,,,,,,,,,,,,,
LA Clippers,,,x,,,,,,,,,,,,,,,
LA Lakers,,,,,,,,,,,,,,,,,,
Memphis,,,,,,,,,,,,,,,,,,
Miami,,,,,,,,,,,,,,,,,,
Milwaukee,,,,,,,,,,,,,,,,,,
Minnesota,,,,,,,,,,,,,,,,,,
New Orleans,,,,,,,,,,,,,,,,,,
New York,,,,,,,,,,,,,,,,,,
Oklahoma City,,,,,,,,,,,,,,,,,,
Orlando,,,,,,,,,,,,,,,,,,
Philadelphia,,,,,,,,,,,,,,,,,,
Phoenix,,,,,,,,,,,,,,,,,,
Portland,,,,,,,,,,,,,,,,,,
Sacramento,,,x,,,,,,,,,,,,,,,
San Antonio,,,,,,,,,,,,,,,,,,
Toronto,,,,,,,,,,,,,,,,,,
Utah,,,x,,,,,,,,,,,,,,,
Washington,,,x,,,,,,,,,,,,,,,